Time,,,,,,Lidar1,Lidar2
0,,,,,,83,231
1,,,,,,82,232
2,,,,,,81,229
3,,,,,,83,228
4,,,,,,83,227
5,,,,,,80,227
6,,,,,,84,231
7,,,,,,82,226
8,,,,,,83,232
9,,,,,,80,226
10,,,,,,79,230
11,,,,,,81,232
12,,,,,,84,227
13,,,,,,82,232
14,,,,,,80,228
15,,,,,,80,232
16,,,,,,82,232
17,,,,,,80,228
18,,,,,,81,230
19,,,,,,82,225
20,,,,,,82,228
21,,,,,,81,228
22,,,,,,82,229
23,,,,,,78,229
24,,,,,,81,230
25,,,,,,82,231
26,,,,,,80,232
27,,,,,,82,220
28,,,,,,82,231
29,,,,,,83,227
30,,,,,,81,225
31,,,,,,82,233
32,,,,,,82,224
33,,,,,,82,228
34,,,,,,80,234
35,,,,,,80,235
36,,,,,,83,237
37,,,,,,82,233
38,,,,,,80,235
39,,,,,,81,238
40,,,,,,82,235
41,,,,,,82,233
42,,,,,,80,236
43,,,,,,82,238
44,,,,,,81,230
45,,,,,,83,234
46,,,,,,81,239
47,,,,,,84,230
48,,,,,,82,233
49,,,,,,80,236
50,,,,,,83,238
51,,,,,,83,234
52,,,,,,82,232
53,,,,,,80,236
54,,,,,,81,232
55,,,,,,82,235
56,,,,,,83,235
57,,,,,,84,237
58,,,,,,79,234
59,,,,,,83,235
60,,,,,,83,233
61,,,,,,82,231
62,,,,,,83,232
63,,,,,,82,235
64,,,,,,80,236
65,,,,,,79,234
66,,,,,,81,231
67,,,,,,84,229
68,,,,,,80,233
69,,,,,,82,233
70,,,,,,84,233
71,,,,,,83,229
72,,,,,,81,235
73,,,,,,83,232
74,,,,,,81,232
75,,,,,,79,233
76,,,,,,84,234
77,,,,,,81,236
78,,,,,,79,228
79,,,,,,82,226
80,,,,,,82,227
81,,,,,,80,237
82,,,,,,81,227
83,,,,,,80,223
84,,,,,,83,208
85,,,,,,81,200
86,,,,,,83,198
87,,,,,,80,195
88,,,,,,79,188
89,,,,,,83,191
90,,,,,,82,146
91,,,,,,80,87
92,,,,,,83,80
93,,,,,,81,70
94,,,,,,83,67
95,,,,,,82,69
96,,,,,,82,70
97,,,,,,81,67
98,,,,,,84,68
99,,,,,,84,69
100,,,,,,81,71
101,,,,,,80,69
102,,,,,,82,71
103,,,,,,82,70
104,,,,,,82,70
105,,,,,,83,70
106,,,,,,81,70
107,,,,,,84,69
108,,,,,,80,72
109,,,,,,81,69
110,,,,,,81,71
111,,,,,,81,70
112,,,,,,84,67
113,,,,,,81,71
114,,,,,,82,71
115,,,,,,81,70
116,,,,,,83,71
117,,,,,,82,72
118,,,,,,82,76
119,,,,,,81,78
120,,,,,,83,74
121,,,,,,82,76
122,,,,,,83,73
123,,,,,,81,79
124,,,,,,83,76
125,,,,,,82,76
126,,,,,,82,79
127,,,,,,83,77
128,,,,,,80,79
129,,,,,,81,84
130,,,,,,82,81
131,,,,,,83,90
132,,,,,,80,102
133,,,,,,87,108
134,,,,,,81,118
135,,,,,,81,113
136,,,,,,80,114
137,,,,,,78,118
138,,,,,,79,120
139,,,,,,83,124
140,,,,,,82,128
141,,,,,,83,123
142,,,,,,84,124
143,,,,,,83,128
144,,,,,,84,124
145,,,,,,83,126
146,,,,,,79,133
147,,,,,,83,136
148,,,,,,84,132
149,,,,,,84,120
150,,,,,,83,97
151,,,,,,82,82
152,,,,,,83,79
153,,,,,,82,75
154,,,,,,82,75
155,,,,,,81,73
156,,,,,,82,70
157,,,,,,83,72
158,,,,,,81,74
159,,,,,,81,70
160,,,,,,83,68
161,,,,,,82,68
162,,,,,,82,68
163,,,,,,82,71
164,,,,,,83,69
165,,,,,,80,65
166,,,,,,80,61
167,,,,,,80,55
168,,,,,,81,61
169,,,,,,81,70
170,,,,,,83,54
171,,,,,,82,58
172,,,,,,82,47
173,,,,,,81,79
174,,,,,,82,52
175,,,,,,82,54
176,,,,,,80,67
177,,,,,,81,67
178,,,,,,82,74
179,,,,,,81,82
180,,,,,,82,86
181,,,,,,84,87
182,,,,,,80,96
183,,,,,,81,107
184,,,,,,81,110
185,,,,,,83,116
186,,,,,,84,120
187,,,,,,80,119
188,,,,,,80,119
189,,,,,,82,133
190,,,,,,81,130
191,,,,,,81,128
192,,,,,,81,131
193,,,,,,84,125
194,,,,,,82,121
195,,,,,,83,122
196,,,,,,82,127
197,,,,,,82,121
198,,,,,,83,108
199,,,,,,81,99
200,,,,,,82,91
201,,,,,,81,87
202,,,,,,80,81
203,,,,,,81,79
204,,,,,,82,77
205,,,,,,83,75
206,,,,,,82,71
207,,,,,,82,68
208,,,,,,80,69
209,,,,,,79,74
210,,,,,,82,67
211,,,,,,83,68
212,,,,,,80,67
213,,,,,,82,65
214,,,,,,82,59
215,,,,,,83,57
216,,,,,,81,54
217,,,,,,81,56
218,,,,,,81,57
219,,,,,,80,56
220,,,,,,81,55
221,,,,,,80,54
222,,,,,,82,61
223,,,,,,82,55
224,,,,,,81,61
225,,,,,,81,60
226,,,,,,81,58
227,,,,,,84,69
228,,,,,,83,76
229,,,,,,81,81
230,,,,,,81,86
231,,,,,,83,90
232,,,,,,81,95
233,,,,,,80,98
234,,,,,,80,103
235,,,,,,82,108
236,,,,,,80,112
237,,,,,,80,123
238,,,,,,80,129
239,,,,,,82,126
240,,,,,,83,129
241,,,,,,82,125
242,,,,,,83,128
243,,,,,,80,126
244,,,,,,84,129
245,,,,,,81,125
246,,,,,,81,128
247,,,,,,84,125
248,,,,,,81,129
249,,,,,,82,131
250,,,,,,81,130
251,,,,,,84,131
252,,,,,,81,127
253,,,,,,81,121
254,,,,,,84,119
255,,,,,,82,112
256,,,,,,81,97
257,,,,,,84,85
258,,,,,,83,83
259,,,,,,80,86
260,,,,,,81,80
261,,,,,,83,79
262,,,,,,81,75
263,,,,,,81,75
264,,,,,,82,72
265,,,,,,81,70
266,,,,,,79,69
267,,,,,,82,72
268,,,,,,80,69
269,,,,,,81,63
270,,,,,,81,56
271,,,,,,81,53
272,,,,,,80,63
273,,,,,,81,64
274,,,,,,82,48
275,,,,,,81,49
276,,,,,,81,52
277,,,,,,80,56
278,,,,,,83,69
279,,,,,,83,65
280,,,,,,83,60
281,,,,,,82,57
282,,,,,,80,60
283,,,,,,80,67
284,,,,,,83,72
285,,,,,,83,82
286,,,,,,81,86
287,,,,,,84,95
288,,,,,,81,99
289,,,,,,80,100
290,,,,,,81,105
291,,,,,,81,106
292,,,,,,81,114
293,,,,,,84,119
294,,,,,,79,126
295,,,,,,80,130
296,,,,,,81,130
297,,,,,,81,126
298,,,,,,82,128
299,,,,,,80,130
300,,,,,,80,126
301,,,,,,82,129
302,,,,,,81,127
303,,,,,,79,124
304,,,,,,82,118
305,,,,,,81,111
306,,,,,,82,107
307,,,,,,82,101
308,,,,,,83,99
309,,,,,,81,91
310,,,,,,81,88
311,,,,,,82,86
312,,,,,,80,81
313,,,,,,85,76
314,,,,,,79,72
315,,,,,,80,70
316,,,,,,83,67
317,,,,,,81,66
318,,,,,,83,67
319,,,,,,83,65
320,,,,,,82,58
321,,,,,,83,53
322,,,,,,82,57
323,,,,,,82,60
324,,,,,,81,55
325,,,,,,85,56
326,,,,,,82,52
327,,,,,,79,62
328,,,,,,81,68
329,,,,,,81,74
330,,,,,,81,79
331,,,,,,82,85
332,,,,,,83,89
333,,,,,,81,93
334,,,,,,83,98
335,,,,,,81,103
336,,,,,,81,105
337,,,,,,80,112
338,,,,,,81,117
339,,,,,,83,117
340,,,,,,81,122
341,,,,,,82,132
342,,,,,,81,131
343,,,,,,82,134
344,,,,,,81,137
345,,,,,,81,137
346,,,,,,84,136
347,,,,,,84,136
348,,,,,,80,133
349,,,,,,81,129
350,,,,,,81,117
351,,,,,,84,109
352,,,,,,82,99
353,,,,,,83,89
354,,,,,,83,85
355,,,,,,80,80
356,,,,,,82,76
357,,,,,,79,72
358,,,,,,82,73
359,,,,,,80,67
360,,,,,,83,68
361,,,,,,81,61
362,,,,,,79,55
363,,,,,,85,53
364,,,,,,81,46
365,,,,,,86,66
366,,,,,,79,58
367,,,,,,81,82
368,,,,,,83,61
369,,,,,,79,71
370,,,,,,83,73
371,,,,,,83,82
372,,,,,,81,90
373,,,,,,83,98
374,,,,,,80,106
375,,,,,,82,114
376,,,,,,82,127
377,,,,,,83,135
378,,,,,,80,142
379,,,,,,83,138
380,,,,,,82,139
381,,,,,,81,138
382,,,,,,85,141
383,,,,,,81,138
384,,,,,,83,138
385,,,,,,84,133
386,,,,,,82,136
387,,,,,,82,125
388,,,,,,82,115
389,,,,,,83,100
390,,,,,,80,96
391,,,,,,80,85
392,,,,,,81,83
393,,,,,,84,79
394,,,,,,81,77
395,,,,,,79,75
396,,,,,,81,72
397,,,,,,82,68
398,,,,,,79,75
399,,,,,,82,70
400,,,,,,81,62
401,,,,,,83,55
402,,,,,,81,60
403,,,,,,82,56
404,,,,,,82,57
405,,,,,,83,70
406,,,,,,83,75
407,,,,,,82,83
408,,,,,,82,90
409,,,,,,83,107
410,,,,,,80,116
411,,,,,,82,129
412,,,,,,83,143
413,,,,,,81,154
414,,,,,,82,160
415,,,,,,82,162
416,,,,,,82,161
417,,,,,,81,158
418,,,,,,82,159
419,,,,,,85,153
420,,,,,,82,146
421,,,,,,81,142
422,,,,,,80,130
423,,,,,,83,124
424,,,,,,78,118
425,,,,,,81,110
426,,,,,,83,102
427,,,,,,81,98
428,,,,,,81,89
429,,,,,,82,82
430,,,,,,80,77
431,,,,,,84,72
432,,,,,,80,73
433,,,,,,81,69
434,,,,,,83,68
435,,,,,,82,68
436,,,,,,82,68
437,,,,,,84,61
438,,,,,,81,56
439,,,,,,85,54
440,,,,,,83,65
441,,,,,,84,84
442,,,,,,82,62
443,,,,,,82,79
444,,,,,,79,51
445,,,,,,83,74
446,,,,,,83,40
447,,,,,,84,50
448,,,,,,85,55
449,,,,,,81,64
450,,,,,,81,71
451,,,,,,82,78
452,,,,,,85,80
453,,,,,,82,88
454,,,,,,82,95
455,,,,,,79,96
456,,,,,,82,108
457,,,,,,81,116
458,,,,,,80,126
459,,,,,,83,123
460,,,,,,82,123
461,,,,,,81,125
462,,,,,,81,126
463,,,,,,83,130
464,,,,,,81,131
465,,,,,,82,136
466,,,,,,82,136
467,,,,,,81,133
468,,,,,,80,132
469,,,,,,81,131
470,,,,,,82,124
471,,,,,,80,118
472,,,,,,79,114
473,,,,,,82,109
474,,,,,,83,101
475,,,,,,81,93
476,,,,,,81,87
477,,,,,,82,84
478,,,,,,80,78
479,,,,,,79,74
480,,,,,,80,71
481,,,,,,79,70
482,,,,,,81,69
483,,,,,,80,67
484,,,,,,80,56
485,,,,,,82,57
486,,,,,,81,53
487,,,,,,82,61
488,,,,,,84,65
489,,,,,,80,63
490,,,,,,84,58
491,,,,,,82,62
492,,,,,,81,53
493,,,,,,83,61
494,,,,,,81,70
495,,,,,,84,75
496,,,,,,83,80
497,,,,,,80,88
498,,,,,,82,95
499,,,,,,83,97
500,,,,,,84,104
501,,,,,,85,110
502,,,,,,84,118
503,,,,,,84,125
504,,,,,,80,131
505,,,,,,81,129
506,,,,,,83,127
507,,,,,,83,123
508,,,,,,82,126
509,,,,,,83,126
510,,,,,,81,126
511,,,,,,82,124
512,,,,,,83,129
513,,,,,,83,126
514,,,,,,80,125
515,,,,,,82,123
516,,,,,,83,114
517,,,,,,80,104
518,,,,,,83,98
519,,,,,,83,91
520,,,,,,84,84
521,,,,,,83,83
522,,,,,,83,75
523,,,,,,84,71
524,,,,,,79,69
525,,,,,,82,68
526,,,,,,81,65
527,,,,,,81,56
528,,,,,,83,52
529,,,,,,82,50
530,,,,,,80,51
531,,,,,,82,51
532,,,,,,80,59
533,,,,,,84,64
534,,,,,,82,72
535,,,,,,84,80
536,,,,,,82,84
537,,,,,,85,88
538,,,,,,83,97
539,,,,,,85,100
540,,,,,,82,106
541,,,,,,84,114
542,,,,,,83,121
543,,,,,,82,129
544,,,,,,81,128
545,,,,,,84,130
546,,,,,,83,129
547,,,,,,82,131
548,,,,,,85,135
549,,,,,,82,133
550,,,,,,82,132
551,,,,,,83,133
552,,,,,,83,134
553,,,,,,84,128
554,,,,,,82,119
555,,,,,,80,114
556,,,,,,82,97
557,,,,,,83,89
558,,,,,,82,86
559,,,,,,84,80
560,,,,,,84,75
561,,,,,,83,70
562,,,,,,85,71
563,,,,,,82,68
564,,,,,,83,55
565,,,,,,81,56
566,,,,,,82,53
567,,,,,,82,53
568,,,,,,82,62
569,,,,,,84,63
570,,,,,,84,75
571,,,,,,85,85
572,,,,,,82,94
573,,,,,,81,107
574,,,,,,83,110
575,,,,,,82,118
576,,,,,,84,127
577,,,,,,82,134
578,,,,,,82,141
579,,,,,,80,145
580,,,,,,81,138
581,,,,,,81,138
582,,,,,,84,135
583,,,,,,84,128
584,,,,,,84,120
585,,,,,,84,115
586,,,,,,81,106
587,,,,,,81,103
588,,,,,,82,93
589,,,,,,82,88
590,,,,,,81,81
591,,,,,,82,78
592,,,,,,81,72
593,,,,,,81,65
594,,,,,,81,64
595,,,,,,81,68
596,,,,,,81,67
597,,,,,,83,53
598,,,,,,81,76
599,,,,,,80,128
600,,,,,,82,58
601,,,,,,83,126
602,,,,,,82,231
603,,,,,,82,246
604,,,,,,84,249
605,,,,,,81,252
606,,,,,,84,248
607,,,,,,82,242
608,,,,,,83,241
609,,,,,,80,237
610,,,,,,83,234
611,,,,,,81,243
612,,,,,,84,236
613,,,,,,83,237
614,,,,,,82,239
615,,,,,,82,205
616,,,,,,83,192
617,,,,,,85,218
618,,,,,,84,245
619,,,,,,85,222
620,,,,,,95,334
621,,,,,,101,340
622,,,,,,100,336
623,,,,,,99,333
624,,,,,,101,335
625,,,,,,102,332
626,,,,,,103,332
627,,,,,,99,331
628,,,,,,100,328
629,,,,,,98,330
630,,,,,,102,327
631,,,,,,100,320
632,,,,,,102,320
633,,,,,,101,318
634,,,,,,100,318
635,,,,,,101,315
636,,,,,,101,313
637,,,,,,101,311
638,,,,,,101,311
639,,,,,,101,307
640,,,,,,104,308
641,,,,,,101,304
642,,,,,,103,304
643,,,,,,100,303
644,,,,,,100,302
645,,,,,,100,306
646,,,,,,101,305
647,,,,,,100,302
648,,,,,,101,309
649,,,,,,100,307
650,,,,,,101,311
651,,,,,,102,311
652,,,,,,100,310
653,,,,,,101,312
654,,,,,,101,307
655,,,,,,99,306
656,,,,,,99,310
657,,,,,,103,304
658,,,,,,99,303
659,,,,,,103,302
660,,,,,,89,296
661,,,,,,87,297
662,,,,,,88,294
663,,,,,,89,291
664,,,,,,91,293
665,,,,,,91,290
666,,,,,,81,294
667,,,,,,80,292
668,,,,,,82,293
669,,,,,,89,292
670,,,,,,93,294
671,,,,,,89,292
672,,,,,,88,293
673,,,,,,84,294
674,,,,,,74,294
675,,,,,,91,296
676,,,,,,83,293
677,,,,,,80,291
678,,,,,,78,293
679,,,,,,76,295
680,,,,,,80,293
681,,,,,,75,290
682,,,,,,79,294
683,,,,,,85,296
684,,,,,,96,292
685,,,,,,103,295
686,,,,,,105,297
687,,,,,,102,296
688,,,,,,103,296
689,,,,,,103,294
690,,,,,,102,291
691,,,,,,104,293
692,,,,,,101,297
693,,,,,,105,293
694,,,,,,104,289
695,,,,,,101,291
696,,,,,,104,293
697,,,,,,106,294
698,,,,,,103,297
699,,,,,,104,303
700,,,,,,105,294
701,,,,,,109,299
702,,,,,,109,297
703,,,,,,110,300
704,,,,,,105,297
705,,,,,,104,303
706,,,,,,106,302
707,,,,,,108,298
708,,,,,,110,302
709,,,,,,108,298
710,,,,,,109,300
711,,,,,,105,302
712,,,,,,104,304
713,,,,,,104,300
714,,,,,,102,303
715,,,,,,93,302
716,,,,,,84,303
717,,,,,,75,301
718,,,,,,71,304
719,,,,,,73,304
720,,,,,,71,302
721,,,,,,70,303
722,,,,,,72,302
723,,,,,,70,306
724,,,,,,72,301
725,,,,,,75,305
726,,,,,,75,305
727,,,,,,79,303
728,,,,,,81,303
729,,,,,,88,302
730,,,,,,104,304
731,,,,,,120,299
732,,,,,,110,301
733,,,,,,109,302
734,,,,,,108,301
735,,,,,,106,298
736,,,,,,105,301
737,,,,,,106,302
738,,,,,,104,300
739,,,,,,104,300
740,,,,,,102,299
741,,,,,,105,303
742,,,,,,105,306
743,,,,,,107,303
744,,,,,,108,306
745,,,,,,111,301
746,,,,,,110,305
747,,,,,,115,305
748,,,,,,112,306
749,,,,,,111,305
750,,,,,,110,302
751,,,,,,110,305
752,,,,,,106,305
753,,,,,,109,301
754,,,,,,110,301
755,,,,,,108,305
756,,,,,,110,303
757,,,,,,109,304
758,,,,,,106,305
759,,,,,,103,300
760,,,,,,106,301
761,,,,,,107,300
762,,,,,,109,305
763,,,,,,110,300
764,,,,,,111,300
765,,,,,,111,303
766,,,,,,113,304
767,,,,,,113,301
768,,,,,,113,303
769,,,,,,113,301
770,,,,,,115,301
771,,,,,,112,300
772,,,,,,105,301
773,,,,,,103,302
774,,,,,,95,302
775,,,,,,92,306
776,,,,,,93,304
777,,,,,,89,307
778,,,,,,83,305
779,,,,,,78,306
780,,,,,,78,306
781,,,,,,87,301
782,,,,,,97,300
783,,,,,,103,306
784,,,,,,91,306
785,,,,,,89,304
786,,,,,,91,301
787,,,,,,94,303
788,,,,,,92,303
789,,,,,,86,300
790,,,,,,97,303
791,,,,,,104,302
792,,,,,,102,303
793,,,,,,103,299
794,,,,,,107,298
795,,,,,,108,306
796,,,,,,109,297
797,,,,,,109,299
798,,,,,,113,301
799,,,,,,116,305
800,,,,,,118,302
801,,,,,,118,301
802,,,,,,116,304
803,,,,,,110,308
804,,,,,,109,304
805,,,,,,105,304
806,,,,,,106,303
807,,,,,,104,303
808,,,,,,103,306
809,,,,,,90,302
810,,,,,,86,302
811,,,,,,86,305
812,,,,,,86,308
813,,,,,,84,302
814,,,,,,85,303
815,,,,,,84,301
816,,,,,,87,302
817,,,,,,86,301
818,,,,,,84,305
819,,,,,,86,303
820,,,,,,84,303
821,,,,,,81,304
822,,,,,,79,303
823,,,,,,78,305
824,,,,,,85,301
825,,,,,,91,302
826,,,,,,97,300
827,,,,,,104,302
828,,,,,,110,301
829,,,,,,111,302
830,,,,,,113,301
831,,,,,,113,308
832,,,,,,116,302
833,,,,,,114,307
834,,,,,,115,306
835,,,,,,113,304
836,,,,,,112,303
837,,,,,,108,306
838,,,,,,108,306
839,,,,,,109,303
840,,,,,,108,309
841,,,,,,106,305
842,,,,,,101,303
843,,,,,,96,307
844,,,,,,95,309
845,,,,,,99,303
846,,,,,,99,305
847,,,,,,100,304
848,,,,,,103,306
849,,,,,,105,301
850,,,,,,106,305
851,,,,,,109,305
852,,,,,,112,305
853,,,,,,119,307
854,,,,,,120,300
855,,,,,,128,303
856,,,,,,130,305
857,,,,,,126,305
858,,,,,,125,306
859,,,,,,123,307
860,,,,,,123,308
861,,,,,,120,313
862,,,,,,121,308
863,,,,,,118,311
864,,,,,,122,312
865,,,,,,120,311
866,,,,,,117,316
867,,,,,,120,317
868,,,,,,119,317
869,,,,,,120,313
870,,,,,,116,313
871,,,,,,117,314
872,,,,,,118,316
873,,,,,,115,323
874,,,,,,117,333
875,,,,,,116,323
876,,,,,,116,293
877,,,,,,117,295
878,,,,,,115,308
879,,,,,,116,318
880,,,,,,115,335
881,,,,,,115,348
882,,,,,,114,359
883,,,,,,115,369
884,,,,,,115,370
885,,,,,,114,377
886,,,,,,117,373
887,,,,,,115,374
888,,,,,,113,307
889,,,,,,114,236
890,,,,,,115,209
891,,,,,,114,212
892,,,,,,113,271
893,,,,,,113,373
894,,,,,,115,373
895,,,,,,112,376
896,,,,,,113,367
897,,,,,,113,375
898,,,,,,112,377
899,,,,,,112,375
900,,,,,,113,374
901,,,,,,111,376
902,,,,,,114,373
903,,,,,,115,374
904,,,,,,112,371
905,,,,,,114,369
906,,,,,,112,370
907,,,,,,114,365
908,,,,,,111,371
909,,,,,,112,359
910,,,,,,111,365
911,,,,,,111,363
912,,,,,,112,364
913,,,,,,115,365
914,,,,,,112,360
915,,,,,,112,362
916,,,,,,111,361
917,,,,,,111,359
918,,,,,,112,356
919,,,,,,111,349
920,,,,,,112,356
921,,,,,,111,351
922,,,,,,112,351
923,,,,,,111,349
924,,,,,,70,344
925,,,,,,65,344
926,,,,,,66,341
927,,,,,,65,340
928,,,,,,65,344
929,,,,,,61,344
930,,,,,,57,340
931,,,,,,56,342
932,,,,,,55,337
933,,,,,,46,342
934,,,,,,47,335
935,,,,,,48,341
936,,,,,,54,336
937,,,,,,54,337
938,,,,,,47,340
939,,,,,,53,335
940,,,,,,56,338
941,,,,,,55,334
942,,,,,,55,335
943,,,,,,53,333
944,,,,,,48,332
945,,,,,,50,340
946,,,,,,49,335
947,,,,,,50,335
948,,,,,,49,337
949,,,,,,48,333
950,,,,,,50,333
951,,,,,,48,333
952,,,,,,55,329
953,,,,,,53,334
954,,,,,,59,333
955,,,,,,55,327
956,,,,,,56,329
957,,,,,,55,329
958,,,,,,57,329
959,,,,,,57,330
960,,,,,,54,334
961,,,,,,54,330
962,,,,,,55,327
963,,,,,,55,329
964,,,,,,57,327
965,,,,,,55,329
966,,,,,,55,329
967,,,,,,60,329
968,,,,,,65,330
969,,,,,,69,333
970,,,,,,75,330
971,,,,,,74,332
972,,,,,,81,333
973,,,,,,78,331
974,,,,,,86,334
975,,,,,,89,329
976,,,,,,94,326
977,,,,,,96,330
978,,,,,,94,331
979,,,,,,97,332
980,,,,,,95,332
981,,,,,,93,336
982,,,,,,91,328
983,,,,,,80,329
984,,,,,,68,331
985,,,,,,64,334
986,,,,,,58,331
987,,,,,,54,336
988,,,,,,57,332
989,,,,,,56,332
990,,,,,,51,333
991,,,,,,49,330
992,,,,,,47,332
993,,,,,,50,335
994,,,,,,50,332
995,,,,,,46,333
996,,,,,,50,330
997,,,,,,49,330
998,,,,,,51,333
999,,,,,,54,332
1000,,,,,,63,330
1001,,,,,,68,328
1002,,,,,,78,334
1003,,,,,,91,334
1004,,,,,,98,331
1005,,,,,,104,334
1006,,,,,,107,333
1007,,,,,,112,335
1008,,,,,,113,331
1009,,,,,,110,335
1010,,,,,,111,337
1011,,,,,,112,331
1012,,,,,,107,331
1013,,,,,,98,333
1014,,,,,,91,333
1015,,,,,,79,332
1016,,,,,,68,336
1017,,,,,,72,331
1018,,,,,,63,331
1019,,,,,,54,333
1020,,,,,,56,332
1021,,,,,,53,336
1022,,,,,,51,334
1023,,,,,,47,338
1024,,,,,,48,330
1025,,,,,,50,334
1026,,,,,,55,331
1027,,,,,,59,332
1028,,,,,,70,333
1029,,,,,,75,331
1030,,,,,,85,338
1031,,,,,,91,334
1032,,,,,,101,338
1033,,,,,,106,334
1034,,,,,,113,336
1035,,,,,,113,337
1036,,,,,,112,333
1037,,,,,,108,337
1038,,,,,,104,334
1039,,,,,,95,333
1040,,,,,,78,334
1041,,,,,,69,336
1042,,,,,,65,336
1043,,,,,,60,332
1044,,,,,,57,336
1045,,,,,,55,339
1046,,,,,,52,333
1047,,,,,,53,332
1048,,,,,,53,334
1049,,,,,,54,330
1050,,,,,,60,335
1051,,,,,,74,326
1052,,,,,,80,327
1053,,,,,,93,335
1054,,,,,,104,331
1055,,,,,,113,334
1056,,,,,,117,332
1057,,,,,,118,333
1058,,,,,,117,336
1059,,,,,,116,337
1060,,,,,,110,335
1061,,,,,,98,331
1062,,,,,,82,332
1063,,,,,,66,332
1064,,,,,,64,333
1065,,,,,,54,338
1066,,,,,,54,335
1067,,,,,,48,340
1068,,,,,,48,336
1069,,,,,,49,335
1070,,,,,,48,336
1071,,,,,,56,334
1072,,,,,,69,330
1073,,,,,,75,332
1074,,,,,,95,334
1075,,,,,,108,335
1076,,,,,,115,335
1077,,,,,,119,336
1078,,,,,,116,333
1079,,,,,,119,334
1080,,,,,,118,339
1081,,,,,,112,337
1082,,,,,,97,333
1083,,,,,,81,334
1084,,,,,,70,336
1085,,,,,,68,336
1086,,,,,,54,335
1087,,,,,,52,336
1088,,,,,,50,334
1089,,,,,,48,337
1090,,,,,,46,337
1091,,,,,,47,336
1092,,,,,,49,334
1093,,,,,,47,333
1094,,,,,,52,329
1095,,,,,,61,333
1096,,,,,,74,336
1097,,,,,,76,334
1098,,,,,,94,334
1099,,,,,,106,333
1100,,,,,,110,333
1101,,,,,,116,332
1102,,,,,,117,331
1103,,,,,,118,333
1104,,,,,,113,331
1105,,,,,,103,336
1106,,,,,,93,332
1107,,,,,,74,331
1108,,,,,,70,334
1109,,,,,,61,335
1110,,,,,,54,337
1111,,,,,,55,335
1112,,,,,,55,333
1113,,,,,,49,336
1114,,,,,,50,337
1115,,,,,,48,337
1116,,,,,,48,337
1117,,,,,,51,338
1118,,,,,,57,335
1119,,,,,,55,333
1120,,,,,,77,333
1121,,,,,,88,334
1122,,,,,,101,335
1123,,,,,,110,333
1124,,,,,,111,333
1125,,,,,,113,336
1126,,,,,,114,334
1127,,,,,,111,335
1128,,,,,,107,331
1129,,,,,,90,333
1130,,,,,,71,335
1131,,,,,,61,336
1132,,,,,,57,332
1133,,,,,,49,336
1134,,,,,,45,331
1135,,,,,,46,333
1136,,,,,,48,330
1137,,,,,,56,333
1138,,,,,,59,334
1139,,,,,,70,339
1140,,,,,,78,331
1141,,,,,,86,335
1142,,,,,,104,334
1143,,,,,,115,331
1144,,,,,,116,334
1145,,,,,,119,337
1146,,,,,,115,332
1147,,,,,,112,335
1148,,,,,,107,336
1149,,,,,,94,338
1150,,,,,,78,332
1151,,,,,,72,337
1152,,,,,,61,334
1153,,,,,,55,335
1154,,,,,,54,335
1155,,,,,,49,337
1156,,,,,,50,336
1157,,,,,,49,335
1158,,,,,,57,334
1159,,,,,,66,334
1160,,,,,,76,337
1161,,,,,,94,334
1162,,,,,,106,337
1163,,,,,,110,335
1164,,,,,,114,338
1165,,,,,,114,334
1166,,,,,,109,334
1167,,,,,,105,337
1168,,,,,,97,335
1169,,,,,,84,338
1170,,,,,,71,339
1171,,,,,,62,335
1172,,,,,,56,338
1173,,,,,,56,336
1174,,,,,,53,334
1175,,,,,,54,334
1176,,,,,,58,334
1177,,,,,,70,330
1178,,,,,,78,336
1179,,,,,,86,332
1180,,,,,,95,333
1181,,,,,,105,337
1182,,,,,,109,331
1183,,,,,,105,336
1184,,,,,,108,330
1185,,,,,,109,338
1186,,,,,,104,334
1187,,,,,,93,331
1188,,,,,,70,337
1189,,,,,,61,339
1190,,,,,,57,336
1191,,,,,,50,337
1192,,,,,,46,337
1193,,,,,,50,341
1194,,,,,,55,334
1195,,,,,,67,336
1196,,,,,,78,335
1197,,,,,,100,339
1198,,,,,,107,334
1199,,,,,,113,334
1200,,,,,,119,333
1201,,,,,,116,335
1202,,,,,,114,332
1203,,,,,,114,335
1204,,,,,,111,337
1205,,,,,,110,334
1206,,,,,,90,331
1207,,,,,,72,333
1208,,,,,,60,332
1209,,,,,,56,335
1210,,,,,,53,334
1211,,,,,,47,338
1212,,,,,,49,334
1213,,,,,,57,338
1214,,,,,,58,336
1215,,,,,,70,339
1216,,,,,,73,336
1217,,,,,,82,337
1218,,,,,,98,337
1219,,,,,,105,332
1220,,,,,,108,333
1221,,,,,,106,338
1222,,,,,,107,334
1223,,,,,,108,333
1224,,,,,,112,335
1225,,,,,,107,334
1226,,,,,,104,334
1227,,,,,,98,335
1228,,,,,,90,338
1229,,,,,,78,336
1230,,,,,,62,337
1231,,,,,,54,337
1232,,,,,,57,332
1233,,,,,,47,336
1234,,,,,,49,336
1235,,,,,,51,334
1236,,,,,,57,337
1237,,,,,,65,333
1238,,,,,,73,333
1239,,,,,,81,334
1240,,,,,,91,338
1241,,,,,,98,338
1242,,,,,,105,334
1243,,,,,,107,336
1244,,,,,,105,336
1245,,,,,,100,336
1246,,,,,,86,333
1247,,,,,,74,338
1248,,,,,,66,335
1249,,,,,,56,338
1250,,,,,,58,335
1251,,,,,,48,337
1252,,,,,,48,338
1253,,,,,,47,335
1254,,,,,,55,335
1255,,,,,,61,339
1256,,,,,,67,333
1257,,,,,,76,337
1258,,,,,,84,339
1259,,,,,,99,335
1260,,,,,,102,334
1261,,,,,,104,332
1262,,,,,,105,333
1263,,,,,,103,333
1264,,,,,,104,332
1265,,,,,,107,335
1266,,,,,,107,334
1267,,,,,,106,336
1268,,,,,,105,336
1269,,,,,,103,331
1270,,,,,,108,338
1271,,,,,,101,335
1272,,,,,,85,337
1273,,,,,,72,336
1274,,,,,,68,334
1275,,,,,,55,336
1276,,,,,,56,337
1277,,,,,,50,334
1278,,,,,,47,334
1279,,,,,,53,339
1280,,,,,,57,334
1281,,,,,,69,337
1282,,,,,,83,341
1283,,,,,,97,333
1284,,,,,,110,339
1285,,,,,,115,340
1286,,,,,,121,338
1287,,,,,,120,339
1288,,,,,,119,333
1289,,,,,,117,334
1290,,,,,,114,334
1291,,,,,,99,333
1292,,,,,,75,332
1293,,,,,,62,334
1294,,,,,,57,333
1295,,,,,,49,341
1296,,,,,,48,331
1297,,,,,,50,334
1298,,,,,,50,334
1299,,,,,,56,335
1300,,,,,,58,337
1301,,,,,,68,334
1302,,,,,,81,332
1303,,,,,,92,334
1304,,,,,,102,332
1305,,,,,,102,335
1306,,,,,,104,334
1307,,,,,,100,332
1308,,,,,,98,335
1309,,,,,,94,336
1310,,,,,,80,337
1311,,,,,,63,338
1312,,,,,,57,333
1313,,,,,,46,337
1314,,,,,,51,341
1315,,,,,,49,339
1316,,,,,,51,340
1317,,,,,,49,338
1318,,,,,,54,333
1319,,,,,,58,333
1320,,,,,,75,338
1321,,,,,,85,337
1322,,,,,,103,335
1323,,,,,,108,331
1324,,,,,,115,334
1325,,,,,,117,333
1326,,,,,,117,331
1327,,,,,,117,333
1328,,,,,,118,335
1329,,,,,,116,334
1330,,,,,,114,340
1331,,,,,,98,336
1332,,,,,,75,342
1333,,,,,,64,338
1334,,,,,,59,339
1335,,,,,,49,336
1336,,,,,,48,339
1337,,,,,,48,337
1338,,,,,,50,336
1339,,,,,,50,342
1340,,,,,,54,342
1341,,,,,,71,338
1342,,,,,,76,333
1343,,,,,,94,337
1344,,,,,,111,337
1345,,,,,,118,335
1346,,,,,,125,338
1347,,,,,,127,335
1348,,,,,,129,332
1349,,,,,,131,334
1350,,,,,,127,338
1351,,,,,,125,337
1352,,,,,,123,336
1353,,,,,,120,333
1354,,,,,,119,334
1355,,,,,,116,332
1356,,,,,,115,333
1357,,,,,,111,337
1358,,,,,,111,336
1359,,,,,,111,338
1360,,,,,,109,333
1361,,,,,,109,334
1362,,,,,,108,331
1363,,,,,,108,334
1364,,,,,,108,338
1365,,,,,,107,336
1366,,,,,,108,334
1367,,,,,,107,335
1368,,,,,,107,341
1369,,,,,,109,336
1370,,,,,,108,338
1371,,,,,,108,348
1372,,,,,,109,348
1373,,,,,,107,346
1374,,,,,,108,347
1375,,,,,,109,350
1376,,,,,,106,354
1377,,,,,,107,347
1378,,,,,,110,348
1379,,,,,,108,348
1380,,,,,,108,345
1381,,,,,,108,341
1382,,,,,,110,337
1383,,,,,,109,335
1384,,,,,,109,343
1385,,,,,,110,333
1386,,,,,,108,344
1387,,,,,,109,342
1388,,,,,,108,348
1389,,,,,,106,347
1390,,,,,,109,353
1391,,,,,,108,348
1392,,,,,,109,347
1393,,,,,,107,349
1394,,,,,,109,344
1395,,,,,,109,345
1396,,,,,,106,341
1397,,,,,,109,342
1398,,,,,,108,340
1399,,,,,,111,338
1400,,,,,,109,340
1401,,,,,,108,338
1402,,,,,,107,340
1403,,,,,,109,338
1404,,,,,,107,347
1405,,,,,,110,345
1406,,,,,,107,352
1407,,,,,,106,351
1408,,,,,,108,347
1409,,,,,,107,352
1410,,,,,,108,351
1411,,,,,,107,346
1412,,,,,,107,342
1413,,,,,,108,331
1414,,,,,,106,247
1415,,,,,,107,139
1416,,,,,,89,128
1417,,,,,,57,118
1418,,,,,,62,118
1419,,,,,,59,116
1420,,,,,,59,118
1421,,,,,,55,119
1422,,,,,,56,121
1423,,,,,,58,119
1424,,,,,,60,121
1425,,,,,,57,119
1426,,,,,,49,119
1427,,,,,,53,120
1428,,,,,,57,118
1429,,,,,,51,120
1430,,,,,,57,118
1431,,,,,,56,117
1432,,,,,,55,121
1433,,,,,,55,120
1434,,,,,,56,121
1435,,,,,,51,120
1436,,,,,,48,118
1437,,,,,,49,121
1438,,,,,,50,117
1439,,,,,,49,119
1440,,,,,,49,120
1441,,,,,,56,118
1442,,,,,,56,120
1443,,,,,,57,119
1444,,,,,,54,119
1445,,,,,,55,118
1446,,,,,,56,120
1447,,,,,,54,119
1448,,,,,,55,119
1449,,,,,,55,120
1450,,,,,,54,119
1451,,,,,,54,118
1452,,,,,,50,118
1453,,,,,,49,116
1454,,,,,,53,119
1455,,,,,,49,117
1456,,,,,,49,118
1457,,,,,,49,118
1458,,,,,,47,119
1459,,,,,,47,118
1460,,,,,,47,121
1461,,,,,,46,118
1462,,,,,,48,119
1463,,,,,,48,120
1464,,,,,,49,118
1465,,,,,,57,116
1466,,,,,,58,116
1467,,,,,,60,119
1468,,,,,,59,120
1469,,,,,,57,118
1470,,,,,,56,121
1471,,,,,,58,119
1472,,,,,,63,118
1473,,,,,,66,118
1474,,,,,,69,116
1475,,,,,,79,120
1476,,,,,,85,119
1477,,,,,,99,119
1478,,,,,,108,121
1479,,,,,,106,121
1480,,,,,,106,123
1481,,,,,,104,123
1482,,,,,,107,122
1483,,,,,,108,123
1484,,,,,,108,122
1485,,,,,,108,122
1486,,,,,,105,125
1487,,,,,,107,123
1488,,,,,,106,121
1489,,,,,,108,121
1490,,,,,,108,123
1491,,,,,,108,123
1492,,,,,,105,123
1493,,,,,,107,124
1494,,,,,,108,122
1495,,,,,,108,124
1496,,,,,,109,126
1497,,,,,,108,122
1498,,,,,,107,124
1499,,,,,,109,122
1500,,,,,,107,123
1501,,,,,,108,125
1502,,,,,,110,124
1503,,,,,,109,126
1504,,,,,,106,121
1505,,,,,,108,124
1506,,,,,,108,126
1507,,,,,,108,122
1508,,,,,,109,126
1509,,,,,,109,123
1510,,,,,,107,123
1511,,,,,,109,123
1512,,,,,,100,125
1513,,,,,,74,120
1514,,,,,,64,122
1515,,,,,,55,125
1516,,,,,,61,123
1517,,,,,,59,126
1518,,,,,,57,124
1519,,,,,,59,122
1520,,,,,,53,126
1521,,,,,,54,124
1522,,,,,,55,124
1523,,,,,,56,125
1524,,,,,,56,124
1525,,,,,,53,122
1526,,,,,,54,124
1527,,,,,,57,124
1528,,,,,,54,123
1529,,,,,,84,125
1530,,,,,,110,122
1531,,,,,,106,122
1532,,,,,,106,123
1533,,,,,,109,123
1534,,,,,,111,130
1535,,,,,,110,176
1536,,,,,,109,267
1537,,,,,,109,321
1538,,,,,,108,333
1539,,,,,,111,333
1540,,,,,,108,336
1541,,,,,,108,334
1542,,,,,,109,330
1543,,,,,,107,331
1544,,,,,,109,339
1545,,,,,,109,342
1546,,,,,,110,349
1547,,,,,,107,353
1548,,,,,,104,358
1549,,,,,,109,358
1550,,,,,,108,352
1551,,,,,,108,346
1552,,,,,,110,284
1553,,,,,,108,221
1554,,,,,,108,165
1555,,,,,,109,106
1556,,,,,,108,92
1557,,,,,,108,89
1558,,,,,,110,88
1559,,,,,,109,120
1560,,,,,,109,233
1561,,,,,,110,274
1562,,,,,,109,302
1563,,,,,,108,318
1564,,,,,,108,327
1565,,,,,,109,326
1566,,,,,,109,328
1567,,,,,,108,329
1568,,,,,,107,333
1569,,,,,,110,332
1570,,,,,,110,334
1571,,,,,,108,347
1572,,,,,,106,364
1573,,,,,,109,370
1574,,,,,,109,372
1575,,,,,,109,369
1576,,,,,,108,361
1577,,,,,,88,362
1578,,,,,,62,363
1579,,,,,,57,362
1580,,,,,,61,360
1581,,,,,,56,363
1582,,,,,,55,360
1583,,,,,,54,365
1584,,,,,,56,368
1585,,,,,,58,364
1586,,,,,,65,361
1587,,,,,,87,364
1588,,,,,,108,364
1589,,,,,,121,364
1590,,,,,,122,368
1591,,,,,,124,363
1592,,,,,,124,366
1593,,,,,,128,366
1594,,,,,,123,369
1595,,,,,,128,366
1596,,,,,,125,365
1597,,,,,,127,365
1598,,,,,,123,364
1599,,,,,,119,372
1600,,,,,,103,367
1601,,,,,,79,370
1602,,,,,,58,367
1603,,,,,,62,372
1604,,,,,,66,369
1605,,,,,,72,369
1606,,,,,,100,365
1607,,,,,,118,368
1608,,,,,,125,369
1609,,,,,,125,369
1610,,,,,,126,367
1611,,,,,,125,370
1612,,,,,,118,368
1613,,,,,,103,372
1614,,,,,,82,367
1615,,,,,,61,366
1616,,,,,,60,371
1617,,,,,,61,369
1618,,,,,,65,370
1619,,,,,,85,361
1620,,,,,,105,365
1621,,,,,,122,367
1622,,,,,,125,373
1623,,,,,,124,370
1624,,,,,,126,371
1625,,,,,,126,371
1626,,,,,,115,373
1627,,,,,,96,370
1628,,,,,,77,374
1629,,,,,,58,373
1630,,,,,,57,379
1631,,,,,,54,372
1632,,,,,,64,375
1633,,,,,,91,367
1634,,,,,,110,373
1635,,,,,,123,376
1636,,,,,,125,374
1637,,,,,,125,374
1638,,,,,,126,377
1639,,,,,,119,370
1640,,,,,,95,365
1641,,,,,,72,375
1642,,,,,,58,376
1643,,,,,,52,372
1644,,,,,,59,375
1645,,,,,,68,374
1646,,,,,,98,368
1647,,,,,,118,375
1648,,,,,,123,378
1649,,,,,,125,378
1650,,,,,,123,374
1651,,,,,,109,374
1652,,,,,,106,375
1653,,,,,,107,377
1654,,,,,,106,383
1655,,,,,,108,379
1656,,,,,,106,350
1657,,,,,,103,243
1658,,,,,,106,182
1659,,,,,,106,177
1660,,,,,,105,382
1661,,,,,,106,395
1662,,,,,,106,383
1663,,,,,,106,388
1664,,,,,,106,267
1665,,,,,,106,193
1666,,,,,,105,335
1667,,,,,,108,368
1668,,,,,,108,216
1669,,,,,,105,217
1670,,,,,,106,230
1671,,,,,,107,230
1672,,,,,,110,226
1673,,,,,,107,217
1674,,,,,,106,213
1675,,,,,,106,291
1676,,,,,,105,384
1677,,,,,,106,372
1678,,,,,,106,304
1679,,,,,,106,362
1680,,,,,,108,363
1681,,,,,,106,367
1682,,,,,,107,382
1683,,,,,,105,379
1684,,,,,,106,361
1685,,,,,,106,348
1686,,,,,,106,359
1687,,,,,,105,364
1688,,,,,,105,368
1689,,,,,,110,157
1690,,,,,,104,95
1691,,,,,,106,79
1692,,,,,,107,70
1693,,,,,,105,60
1694,,,,,,104,59
1695,,,,,,107,57
1696,,,,,,108,57
1697,,,,,,106,62
1698,,,,,,104,73
1699,,,,,,105,95
1700,,,,,,105,138
1701,,,,,,106,180
1702,,,,,,107,178
1703,,,,,,108,146
1704,,,,,,107,103
1705,,,,,,108,80
1706,,,,,,107,60
1707,,,,,,105,59
1708,,,,,,106,61
1709,,,,,,107,76
1710,,,,,,105,110
1711,,,,,,107,178
1712,,,,,,105,229
1713,,,,,,105,223
1714,,,,,,109,176
1715,,,,,,104,108
1716,,,,,,105,79
1717,,,,,,108,66
1718,,,,,,107,69
1719,,,,,,106,238
1720,,,,,,105,377
1721,,,,,,106,385
1722,,,,,,106,379
1723,,,,,,106,383
1724,,,,,,105,388
1725,,,,,,105,387
1726,,,,,,107,385
1727,,,,,,107,383
1728,,,,,,107,382
1729,,,,,,106,369
1730,,,,,,103,339
1731,,,,,,106,315
1732,,,,,,106,334
1733,,,,,,106,374
1734,,,,,,107,370
1735,,,,,,105,365
1736,,,,,,104,360
1737,,,,,,106,357
1738,,,,,,105,353
1739,,,,,,107,349
1740,,,,,,104,347
1741,,,,,,106,349
1742,,,,,,107,347
1743,,,,,,106,346
1744,,,,,,106,351
1745,,,,,,105,348
1746,,,,,,107,351
1747,,,,,,105,351
1748,,,,,,105,347
1749,,,,,,103,348
1750,,,,,,107,353
1751,,,,,,106,350
1752,,,,,,104,354
1753,,,,,,105,350
1754,,,,,,,
